phase,amplitude
0.4310294744,1.125747189
0.9615787929,0.9245639771
0.5645319205,1.039133722
0.03504732158,0.8106037084
0.2380672758,1.055879045
0.6427621599,0.8937613845
0.7583485534,1.166717366
0.3530095201,0.9834968004
0.2564364644,1.006082976
0.8509543203,0.8439836029
0.7479101764,1.116536775
0.1525115408,0.9333467036
0.07427748665,1.17557337
0.5448940368,0.9744084451
0.9289704598,1.089332217
0.4596705185,0.8608326972
0.4813440302,1.078059734
0.8877664357,0.872214748
0.5231251502,1.188309066
0.1155768707,0.9613672782
0.1625874192,1.103589557
0.6948643783,0.9461851224
0.8410272077,1.017565079
0.3093334818,0.8328077395
0.3312301431,1.153781306
0.7996603353,0.9963463772
0.6644537915,1.067347892
0.1968432246,0.882572265
0.02510781121,1.027849318
0.6174394283,0.8219738383
0.9716746984,1.138495378
0.3779655565,0.9115353033
0.3934078859,1.046256486
0.9874813892,0.8036639486
0.6030994924,1.132686841
0.008198734373,0.9174411058
0.2111879326,1.172094626
0.681360011,0.9779365364
0.7842208706,1.061439416
0.3154186876,0.8883842319
0.2940103095,1.121901709
0.8250994673,0.9277741611
0.7093291935,1.011655435
0.1793735391,0.8386185858
0.1011092057,1.09646726
0.5063438099,0.8539052635
0.9030848509,1.182500887
0.4972746428,0.967273486
0.4447145034,1.19388152
0.9126774548,0.9560022552
0.5587475393,1.083424674
0.09167299699,0.8666422114
0.1386532662,1.024492602
0.7305175234,0.8256727863
0.8659074707,1.110724594
0.2727342341,0.9392576829
0.3678424442,1.07428755
0.774766542,0.8754493997
0.6287874738,1.160904064
0.2207910269,0.9894066114
0.04902485758,1.144055744
0.5818033898,0.9061581448
0.946750626,1.033226584
0.4146086136,0.8164135803
0.4078753786,1.059140504
0.9378576763,0.8907924656
0.5887507321,1.169777408
0.05770371482,0.9803386718
0.2296837457,1.134965679
0.6355204778,0.9150520895
0.7660879306,1.048541421
0.3608953478,0.801293236
0.2796729933,1.184810576
0.8745930037,0.9648786992
0.7237928715,1.098770839
0.1297536409,0.8514921609
0.0829877099,1.009363151
0.5518090259,0.8409968257
0.9215768492,1.119627741
0.4514389243,0.9301585112
0.48834485,1.106779133
0.8963908283,0.9430928696
0.5149984602,1.020553239
0.1080783559,0.8295262769
0.1860677926,1.087401654
0.7182592172,0.8627748389
0.8181300713,1.197840194
0.2853554133,0.9521287844
0.3240666622,1.037161078
0.7911986038,0.812564756
0.6724368939,1.148008554
0.204485327,0.9023154307
0.001220755279,1.156940721
0.5944512719,0.9932849512
0.9941842258,1.070318099
0.402331234,0.8793094236
0.3849348333,1.162849957
0.9803297138,0.9874737442
0.610745294,1.052005539
0.01617766824,0.8977200244
0.1881884551,1.042968848
0.6574847605,0.8066581875
0.8085902473,1.129600621
0.3379240464,0.9206245545
0.3026307644,1.093210593
0.8321037404,0.856869391
0.7018422382,1.179433429
0.1712357588,0.9704390287
0.124500107,1.112688011
0.5298276367,0.9372812573
0.879118342,1.002240321
0.4743664162,0.8479364723
0.4683490107,1.015176098
0.9359176755,0.8350866124
0.5360014373,1.101218881
0.06754436344,0.9484700937
0.1455640793,1.190717359
0.7392314384,0.959068425
0.8576876745,1.08046193
0.2653292948,0.869897591
0.3441102449,1.140873583
0.7516240133,0.9092429835
0.6514473278,1.030233632
0.2450059084,0.8196998343
0.04177209269,1.064953046
0.5734314267,0.8848818947
0.9546399144,1.151368143
0.4223440606,0.9986498967
0.4279833492,1.010773835
0.9606573945,0.8393053982
0.5752340835,1.124346524
0.04393768217,0.9255251825
0.2469230657,1.183377004
0.6534984168,0.9665930156
0.7573930612,1.094029167
0.3499979656,0.8561483771
0.2593146833,1.133568728
0.852043625,0.9167541981
0.7370706247,1.043811956
0.1437585689,0.8059128318
0.0654980503,1.060563394
0.5340814264,0.8890644163
0.9300328232,1.174532813
0.4625752019,0.9756931368
0.4726409474,1.161584725
0.8769995421,0.9885310668
0.5241110409,1.072044627
0.1184359565,0.8778880641
0.1654200405,1.032539963
0.6958772102,0.8172957528
0.8302333727,1.146304913
0.3006568635,0.9037139013
0.3400399778,1.082743917
0.810320477,0.867518042
0.6635441352,1.196124347
0.1939079044,0.9535638768
0.02213792037,1.111410929
0.6165638659,0.9383756056
0.9823007463,1.022243147
0.3868099619,0.8281171251
0.4040795909,1.117223683
0.9962801374,0.9324648172
0.6001449795,1.003834093
0.007307793945,0.8464281324
0.2103239335,1.088652033
0.6783790337,0.8617087185
0.7930460833,1.17781677
0.3260634514,0.9719702575
0.2832623702,1.03844691
0.8163769534,0.8114853088
0.7121769544,1.127996168
0.1803712314,0.9221191615
0.1021409919,1.167397836
0.5091570001,0.9826206837
0.8943969076,1.053635931
0.4864926096,0.8961994767
0.4457920063,1.066472061
0.9155669985,0.8832530215
0.5500139985,1.156219684
0.08081449103,0.9941035498
0.1278288541,1.139377455
0.7217494119,0.9108489677
0.8688315852,1.02540498
0.2737776432,0.8242232937
0.36690233,1.189184611
0.7717396095,0.960686617
0.6376889208,1.07562107
0.2314816266,0.8744576707
0.05974239856,1.016682907
0.5906783724,0.8334943611
0.943750158,1.106033801
0.413641558,0.9439359531
0.4206108348,1.180119717
0.9524051733,0.9695569038
0.5839842381,1.09096109
0.05081225559,0.8593136821
0.2228268571,1.001559517
0.6307198899,0.8488122553
0.7806695215,1.114930791
0.3735962333,0.9348428313
0.2670749258,1.051318965
0.8599081179,0.8986022446
0.7287272718,1.165099174
0.1364771938,0.9850295484
0.08973772731,1.13028133
0.5567164849,0.9197490577
0.9069189047,1.040725973
0.4388143923,0.8090968996
0.4951711018,1.029357658
0.9013441233,0.8203800663
0.5002644006,1.143311818
0.09540786874,0.9069996316
0.1734237699,1.152250077
0.7034982163,0.9979630366
0.8231103076,1.062508564
0.2921552006,0.8871308256
0.3171641761,1.10209495
0.7863215432,0.9477895755
0.6870642016,1.012737958
0.2172625661,0.8373296782
0.01403256506,1.079580282
0.6090444857,0.8705843557
0.989341259,1.193162127
0.3953941772,0.9568193987
0.3800767269,1.097888619
0.9734077966,0.8521787349
0.6235112082,1.187254772
0.03081677761,0.9626294822
0.2028006231,1.120503238
0.6702771392,0.9294778023
0.8016418656,1.006924438
0.3330928814,0.8432397008
0.3075956227,1.170659533
0.8389189057,0.9796523839
0.6891525583,1.056696213
0.1565204151,0.8930419687
0.1097506694,1.047665638
0.5171725275,0.8019740403
0.8858989365,1.137404105
0.4793653684,0.9128093097
0.4536454091,1.148689072
0.9233388007,0.9014393616
0.5427360767,1.034918012
0.07246720046,0.8150028959
0.1504528224,1.069631334
0.7460006485,0.8801910717
0.8450742289,1.159189747
0.2506597871,0.9908401832
0.3586459402,1.019873007
0.7643707944,0.8304022506
0.6445752997,1.109022485
0.2402204601,0.9406546343
0.03695970308,1.198527054
0.566585863,0.9512468502
0.9673602311,1.085152723
0.4369066972,0.8652193207
0.4350571018,1.085576289
0.9653637102,0.8641003896
0.5685614105,1.199542655
0.03883028682,0.9507321611
0.2420949033,1.108578582
0.6465470772,0.941793235
0.7623780435,1.018824862
0.3567924853,0.8309488162
0.2526515471,1.158362396
0.8469266929,0.9915587619
0.7441272112,1.069017612
0.1484820507,0.8811110724
0.07049256936,1.035762267
0.5408664094,0.8142680809
0.9251874946,1.149331905
0.4556410285,0.9004909176
0.4773145104,1.136401087
0.8839834407,0.9133365814
0.5190975526,1.047230253
0.1117919832,0.8030811518
0.1585578993,1.057731012
0.6910813833,0.8924820576
0.8369996101,1.171114492
0.3055485943,0.9785248399
0.3350131381,1.007551518
0.8036898552,0.8423330575
0.6682386789,1.121319521
0.2008708222,0.928748155
0.02889080625,1.186599344
0.6214689482,0.9635653317
0.9754595859,1.097056196
0.3819931541,0.8529253814
0.3974374207,1.19240769
0.9912643991,0.9576597199
0.6071270751,1.078648837
0.01198360696,0.8712354619
0.2152174674,1.013459803
0.6851430209,0.8365212813
0.7882484533,1.10300601
0.3192035602,0.9471581865
0.2902272996,1.063640465
0.8210699325,0.8866714019
0.7055443209,1.15280215
0.1753459563,0.9969359919
0.0973261958,1.142209076
0.5023142751,0.9074305642
0.8992999783,1.028822537
0.4932470601,0.821390827
0.4406868909,1.041670001
0.9088925524,0.8084583759
0.5547180343,1.131023947
0.08789001685,0.9188969169
0.1346256537,1.164174768
0.726732621,0.9856475919
0.8618779657,1.050608176
0.268951254,0.8994216982
0.3716273466,1.114392075
0.7787941545,0.9358832333
0.6325704539,1.000416547
0.2248205319,0.8492606103
0.05280975997,1.091483617
0.5858310023,0.858290327
0.9505336061,1.181234291
0.4186381185,0.9691378027
0.4116602661,1.105317266
0.9418852739,0.9447619155
0.5925337272,1.015764963
0.06173323467,0.8341067065
0.2334686331,1.076357941
0.6395480754,0.8736120388
0.7698709257,1.190135099
0.3649248676,0.9600423951
0.2756453957,1.0265253
0.8708081162,0.8237976838
0.7197633516,1.139893521
0.1259706458,0.9098313108
0.0789601123,1.15508246
0.5480241384,0.994545396
0.9175473293,1.065926884
0.4476559293,0.8842991218
0.4845618848,1.054541293
0.8923613383,0.8955745488
0.5112135429,1.16812619
0.1040507285,0.9818065409
0.1822848273,1.127059025
0.7142297272,0.9227767289
0.814345154,1.037698982
0.2813277859,0.8123198841
0.3280961523,1.177287346
0.7949815691,0.9729745571
0.6764645213,1.087542781
0.2082702443,0.8621453971
0.005250245333,1.004391864
0.5982342372,0.8453946266
0.9982118532,1.118349075
0.4061161513,0.9320111394
0.3887178134,1.022704615
0.9843592187,0.8269838352
0.6145301964,1.11244003
0.02020528074,0.9378221557
0.1919714352,1.195695471
0.6615142655,0.9546652425
0.8123751497,1.081735201
0.3419516589,0.8680517748
0.2986012595,1.14546598
0.8283207603,0.9044662938
0.6978146257,1.031890233
0.1674508564,0.8182251412
0.1204706021,1.072854401
0.5260446565,0.8771641627
0.8750907294,1.162217503
0.4705815138,0.9876179624
0.4645641381,1.17349113
0.9318900928,0.9762340043
0.5322184274,1.060113746
0.06351482868,0.8902095258
0.1417792067,1.044834018
0.7352038557,0.8053924445
0.8539046645,1.133986548
0.2612997601,0.9156417757
0.3481378276,1.094665539
0.7554088859,0.8552056313
0.6554768626,1.184227005
0.2487889184,0.9658516917
0.0457996754,1.123726341
0.5772162993,0.9264508814
0.9586694492,1.00995223
0.4261270706,0.8400174681
0.4241984766,1.150558989
0.9566298118,0.9993740365
0.5714510735,1.064320888
0.03990814742,0.8857952375
0.2431381932,1.031071658
0.6494708341,0.8189461544
0.7536100512,1.141522406
0.3459684309,0.9083123077
0.263342266,1.080892094
0.8558284976,0.8687971313
0.7411001595,1.191727363
0.1475415789,0.9585355982
0.06952563301,1.100757175
0.537866299,0.9496027637
0.934062358,1.014146759
0.4663582118,0.8356394425
0.4764239276,1.002860647
0.8810290471,0.8470112979
0.5278959433,1.11350976
0.122463569,0.9365697119
0.1692030206,1.178795674
0.6999067152,0.9713807732
0.8340182751,1.092359209
0.304684476,0.8576097135
0.3360104728,1.12857956
0.8065374969,0.9211463246
0.6595165227,1.04255203
0.190123002,0.8077719927
0.01810841542,1.053046698
0.6127808858,0.8971790139
0.9782731337,1.163299081
0.3830250595,0.9863284916
0.4002966257,1.071455942
0.9922506474,0.8788678158
0.5963600622,1.157486518
0.003280166537,0.9922390893
0.2065409683,1.146887328
0.6743495436,0.9027397532
0.789261166,1.036644106
0.3220358239,0.8135811254
0.2872918602,1.197104611
0.8201599186,0.9529753223
0.7162045818,1.086452453
0.1841561487,0.8634199668
0.106170482,1.021269535
0.5129399654,0.8286996946
0.8984245351,1.107696839
0.4902775269,0.9424799044
0.4495768938,1.119070113
0.9195945961,0.9311925415
0.5537969936,1.008237901
0.08484401088,0.841451028
0.1316137416,1.09929888
0.7257770095,0.8504868601
0.8726145802,1.185918444
0.2778071631,0.9644410193
0.3628747324,1.049479565
0.767954722,0.8006370515
0.633659401,1.135714609
0.2276986316,0.914218897
0.05571480095,1.168871522
0.5868934849,0.9809634566
0.9397206381,1.058411625
0.409858563,0.8916064654
0.4165832223,1.034328707
0.9486202709,0.8159824092
0.5799547331,1.144590245
0.04702927545,0.9051471457
0.2187992446,1.159773069
0.6269349875,0.9898673225
0.7766400166,1.073736383
0.3698132532,0.8764777318
0.2708598282,1.110001461
0.8639357304,0.9400651738
0.7325102519,1.023580255
0.1405066987,0.8263032693
0.0935226297,1.084179349
0.5607440975,0.8658025101
0.9107018849,1.194813203
0.4428438973,0.9553517688
0.4992006365,1.181978217
0.9051271332,0.9682963166
0.5042919833,1.095352542
0.09919274133,0.8543238401
0.1774533046,1.012195534
0.7072812263,0.8375791851
0.8271378903,1.123046061
0.2959400732,0.9273268074
0.3133811662,1.06236282
0.7822920084,0.8877648056
0.683279329,1.172804413
0.2132349834,0.9771157
0.01024955511,1.131743339
0.605014951,0.9180797726
0.9855563864,1.045514393
0.3913665945,0.8045162324
0.376047207,1.137650503
0.9696248015,0.9122698799
0.6194836106,1.027205865
0.02703189012,0.8229220439
0.1987711033,1.068176149
0.6664941441,0.8818549737
0.797614268,1.154395934
0.3293079939,0.995427664
0.3113786178,1.018007695
0.8429484256,0.8316682328
0.6929374458,1.104636414
0.1605480127,0.9456376508
0.1135336645,1.187885739
0.5212020474,0.9624868292
0.889683824,1.077044372
0.483392966,0.8727300569
0.4576730365,1.089987502
0.927123718,0.8598963231
0.5467655668,1.176405651
0.0762501657,0.9736612741
0.1544804499,1.115911078
0.7497855658,0.9342543483
0.849103719,1.005268076
0.2544427523,0.8447142515
0.3548610229,1.165681565
0.760343167,0.9840553287
0.6407923345,1.055423084
0.2361909701,0.8948875457
0.03317478579,1.040137265
0.5625582356,0.8100765798
0.9635772659,1.126183099
0.4328772072,0.9234570086
0.4325366681,1.039511662
0.9639785644,0.8102261476
0.5640927842,1.125343874
0.03157949261,0.9249676611
0.2348128315,1.167094549
0.6421091622,0.9831184827
0.7609621864,1.055474984
0.3543033293,0.8941643234
0.255014088,1.116939517
0.8484716387,0.932945117
0.7484474815,1.005704474
0.1558792936,0.8443632714
0.07785910089,1.08973419
0.5452179573,0.8604303416
0.9267011629,1.175194087
0.4580342807,0.9747873329
0.4837049991,1.188712759
0.8893110016,0.9609639712
0.5196349695,1.077682183
0.1151615167,0.8725926977
0.1618976453,1.017968003
0.6916490942,0.8324036635
0.8422968769,1.103211225
0.3119688705,0.9465622913
0.3287079437,1.067727546
0.7982750926,0.8821937483
0.6677999077,1.153379703
0.1974045504,0.9967491038
0.02539424039,1.138874276
0.6210599644,0.9111560296
0.9700150359,1.027446971
0.3757182537,0.8223758198
0.3920160867,1.132283544
0.9849681305,0.9178448077
0.6036673747,1.046634432
0.01153590996,0.8032863937
0.2148000048,1.061035338
0.6816534735,0.888787153
0.7819820317,1.172471803
0.3137519918,0.9775582127
0.2955480805,1.011276915
0.8274686616,0.8389982365
0.7089206344,1.122304445
0.1758751329,0.9273725685
0.09788521938,1.182121622
0.5056603542,0.9676523916
0.9057289418,1.096869239
0.498537994,0.8535029139
0.4422228811,1.083047105
0.9112616349,0.8670201432
0.5621242328,1.194285206
0.09220374562,0.9555989422
0.1389701534,1.11034628
0.7341076015,0.9396348696
0.8642782662,1.024895532
0.2704564733,0.8252687164
0.3702339903,1.160502479
0.7762805307,0.9898093559
0.6253278702,1.074667211
0.2203450957,0.8750708889
0.04836554173,1.032824219
0.5785576478,0.8168155439
0.9480507532,1.144434635
0.4172135442,0.9057788651
0.4083222635,1.170180723
0.9413182335,0.9799349871
0.5872357897,1.058762573
0.05531121511,0.891170036
0.2270778613,1.048945492
0.6342193969,0.8008903082
0.7693346264,1.134588494
0.3615556173,0.915430405
0.2791431984,1.099149352
0.8712172639,0.8511125021
0.7252077376,1.184407833
0.1322443094,0.9652802851
0.08526451699,1.120007022
0.5534372767,0.9297796212
0.9179877248,1.008961188
0.4511229908,0.8413991924
0.4918423025,1.020930795
0.8967984337,0.8291483324
0.5126302196,1.106375433
0.1065415386,0.9434961684
0.1848053951,1.19821852
0.71561608,0.9517516088
0.8188125733,1.086998735
0.288578446,0.8631789185
0.320728533,1.148410148
0.7906297678,0.9019126959
0.6749511063,1.036781428
0.2058780799,0.8129432779
0.002888404764,1.07072045
0.5966910645,0.8789074458
0.9938898096,1.156561817
0.3987182081,0.9936642181
0.3843744611,1.051627591
0.9769845512,0.8980975769
0.612129583,1.163253265
0.01869891398,0.9870700534
0.1904348042,1.129223453
0.6591434693,0.9210028879
0.8049706649,1.043372926
0.3376385709,0.8062552657
0.3030470721,1.179030704
0.8355948748,0.9708406325
0.7002967186,1.093589111
0.1688738363,0.8564897381
0.1218637647,1.001838341
0.5285570137,0.8483388212
0.8823345797,1.113067286
0.4750571437,0.9369023614
0.4649803042,1.100815199
0.9353794167,0.9488734104
0.5384850726,1.01555366
0.06896769349,0.8347086739
0.1472012708,1.080058993
0.741501689,0.8703016527
0.8573628003,1.191095678
0.2617467269,0.9586912435
0.3475771202,1.029853965
0.7520621959,0.8200783383
0.64904851,1.141275171
0.2434996683,0.9088402428
0.04047923721,1.150989256
0.5708187474,0.9990291815
0.9552919585,1.065355403
0.4255975513,0.8844799228
0.4276901847,1.124748689
0.9570455011,0.9251233991
0.5769006005,1.010394742
0.04617622308,0.8396848582
0.2494365033,1.094430574
0.654890514,0.8557458367
0.7540555876,1.182997166
0.3494299045,0.9669717304
0.2599979602,1.044190093
0.8552673133,0.8055358492
0.7358075716,1.133165621
0.1411146568,0.9171584722
0.06312855799,1.174910181
0.5325434767,0.9753153853
0.9335314082,1.060159507
0.462984059,0.8894679096
0.4690506905,1.072424097
0.8766823569,0.8775089812
0.5263890997,1.16118295
0.1200653398,0.9889332391
0.1668355623,1.146683614
0.6983686537,0.9033340495
0.8297028029,1.032137407
0.297280468,0.8176971443
0.3432860179,1.196528605
0.8109799717,0.9531607546
0.6609390257,1.082366921
0.1926074792,0.8678961646
0.02062411048,1.022646648
0.6141726179,0.8277132459
0.9827463794,1.111033187
0.3902693866,0.9387529831
0.4047322907,1.003455018
0.999534403,0.8468076102
0.5988513492,1.117625853
0.004694459029,0.9320630398
0.2079239832,1.177436914
0.6768715419,0.9723489545
0.7965142103,1.089053434
0.3265027665,0.8613061722
0.2829386285,1.127593043
0.8127956372,0.9225234177
0.7138128942,1.03882504
0.1826403495,0.8111083202
0.1046239715,1.053232061
0.5105795553,0.8966029879
0.8910289761,1.16777521
0.4859550064,0.9822429381
0.4490074692,1.155817891
0.9162570704,0.9945057042
0.5473783119,1.066851525
0.07954464294,0.8828739326
0.1262845863,1.025002442
0.7193886219,0.8246247031
0.8692467604,1.139756162
0.2772675259,0.9104691219
0.3632814959,1.075244091
0.7714530015,0.8748358112
0.6399364024,1.189588875
0.2331415871,0.9602835007
0.06112746242,1.105656041
0.5932002738,0.9443133127
0.9431891302,1.017086402
0.4102956206,0.8330904759
0.418951828,1.09134018
0.9501586454,0.8589342199
0.5842698924,1.179717564
0.05443213601,0.9699586984
0.2261718409,1.115310638
0.631279964,0.9344641261
0.7781485738,1.001158109
0.3722121231,0.8492147949
0.2683457276,1.165502292
0.8625447582,0.9846252855
0.7280362463,1.050940826
0.1332607772,0.898979225
0.08624689095,1.04112986
0.5563003561,0.8086934056
0.9092806485,1.129903971
0.4403596139,0.9201268189
0.49290103,1.143713597
0.8997072298,0.906597463
0.5038466705,1.028978182
0.09573256411,0.8207591426
0.1739623267,1.062911112
0.7068671016,0.8867294259
0.8216867987,1.151871381
0.2896712674,0.9983428936
0.3197765574,1.013114948
0.7876142198,0.836951549
0.6838108897,1.101690695
0.21661082,0.9481927015
0.01359420363,1.193539874
0.6055773124,0.9564420264
0.9908477971,1.079176772
0.3977931738,0.8709882267
0.3813781058,1.186852601
0.9760138597,0.9630312588
0.6228507599,1.098267704
0.02756978385,0.8517992668
0.1993402448,1.006523049
0.6698305523,0.8436422583
0.8040340673,1.120883092
0.3346076449,0.9290991031
0.3059671931,1.056318092
0.8366418006,0.893418967
0.6894687898,1.171062657
0.1601097183,0.979248127
0.1131261112,1.137026729
0.5177021436,0.9131870531
0.8834084468,1.048069518
0.4779508002,0.8015705403
0.4562883675,1.034538553
0.9246009002,0.81538199
0.5395133421,1.149090857
0.07178487722,0.9010371991
0.150044919,1.158811034
0.7425030172,0.9912200224
0.846611225,1.070033876
0.2530283257,0.8797896661
0.3564064456,1.108618212
0.7627033237,0.9410577424
0.6481881468,1.020249991
0.2405145783,0.8300241154
0.03752871789,1.084749231
0.5699242903,0.8656232096
0.9659671802,1.198904807
0.434392306,0.9508694839
0.4363201549,1.199946163
0.9680076223,0.9503282886
0.5678781336,1.08519854
0.03560659848,0.8644777603
0.2385963183,1.019229115
0.6461382201,0.8305456888
0.7647475358,1.108201591
0.3583304351,0.9421713628
0.2509850301,1.069396306
0.844688152,0.8807312138
0.7444203757,1.157959847
0.1520939441,0.9919601601
0.07383004297,1.14971138
0.5414344706,0.9001118399
0.9226740571,1.035360486
0.4542489313,0.814670248
0.4799196199,1.047607615
0.885283866,0.8027033951
0.5158515126,1.135997205
0.1111324886,0.9137400798
0.1581122661,1.171492636
0.6876219586,0.978147864
0.83851342,1.057327899
0.3079398423,0.892886325
0.3327350793,1.121720933
0.8020604718,0.9283456199
0.6718289359,1.007171675
0.2011880074,0.8427117672
0.02942137606,1.097458353
0.6248453436,0.8525235914
0.9740440641,1.186220258
0.3795017106,0.9639447983
0.3958014809,1.078271083
0.988995281,0.8716128267
0.6074508168,1.19281118
0.01556492317,0.9572558295
0.218585399,1.102629025
0.6856806241,0.9475363202
0.7857654737,1.013864074
0.3177810051,0.8361181717
0.2915209299,1.152399607
0.8236832675,0.9973373961
0.7048916211,1.064019177
0.1720916908,0.8862915613
0.09385806881,1.02842075
0.50187496,0.8217929881
0.9016999286,1.142588533
0.4947545519,0.9070514686
0.4384394092,1.130620071
0.9072325919,0.9193004213
0.5583388684,1.042047381
0.08817662485,0.8080806371
0.1351866815,1.050205057
0.7300785584,0.8998259597
0.8604929019,1.164552894
0.2664293526,0.9852705982
0.3742630333,1.000036698
0.7800640026,0.849639314
0.629354991,1.11479347
0.2241304601,0.9354806803
0.05239458475,1.180855211
0.5823411196,0.9695172753
0.952077874,1.091885792
0.4209989086,0.8578885548
0.4123512916,1.016142703
0.9451016905,0.8337293275
0.5912629254,1.104913763
0.05909659434,0.9451657932
0.2311068894,1.190512095
0.6380028538,0.959664271
0.7733617621,1.075953681
0.3653409965,0.8740151595
0.2753597414,1.140296076
0.8671882357,0.9094299179
0.7214223584,1.026146597
0.1282171737,0.8241775341
0.08148106001,1.066328658
0.5494082486,0.883896948
0.9142023455,1.154702989
0.4470958551,0.9949244775
0.4878151966,1.168530082
0.8930130843,0.9814030521
0.5086011617,1.054163929
0.1027580518,0.8959523048
0.1807782892,1.038102093
0.7118307305,0.8119156145
0.8147835154,1.126680892
0.2847949592,0.923153716
0.3245138824,1.087922623
0.7946568737,0.8617666867
0.6787345931,1.176885944
0.2099071378,0.9733771019
0.006673754193,1.118728172
0.6007181704,0.9316316839
0.9976732964,1.003989705
0.402747266,0.8457964145
0.3884015819,1.112036533
0.9807699155,0.9382260393
0.616158626,1.023082373
0.02248238586,0.8266064741
0.194461925,1.081330935
0.6629288336,0.8684548896
0.8089997079,1.196072448
0.3414220428,0.9542871006
0.2992617078,1.031511525
0.831567754,0.8186049856
0.6965132467,1.145868517
0.1648447933,0.9040648829
0.1180784004,1.161838038
0.524529893,0.9879970498
0.8785511078,1.073256193
0.4710281007,0.8767620068
0.460951291,1.059736377
0.9315959746,0.8905872758
0.534457922,1.173895004
0.06518229935,0.9758304976
0.1431722576,1.133608421
0.7377182469,0.9160187688
0.8533356497,1.045237147
0.2579613328,0.8049881928
0.3513605623,1.183825608
0.7560912091,0.9662542425
0.6528339041,1.095045399
0.2475268189,0.8548269387
0.04426267929,1.009550064
0.5748477606,0.84041925
0.9590773527,1.12410542
0.4296247019,0.926071408
0.4236611715,1.064699791
0.953262059,0.885415969
0.5728734499,1.150156636
0.04239082895,0.9997760128
0.2454074901,1.141902054
0.6511070719,0.9079337843
0.750028437,1.030670063
0.3456445104,0.8193488877
0.2637814023,1.192130281
0.8592963265,0.9581315171
0.7395929657,1.080513767
0.1451418074,0.8691743053
0.06691200007,1.014550458
0.5365724899,0.8352361422
0.9373168023,1.100379617
0.4670112096,0.9499807067
0.4730778113,1.113911726
0.8804677213,0.9361673497
0.5304181427,1.002481371
0.1238488117,0.8473901924
0.1708626831,1.092761957
0.702154018,0.857208132
0.833731846,1.178417167
0.3010639399,0.9717604365
0.3395006536,1.04292922
0.8069528509,0.8073936816
0.6571555538,1.128175493
0.1885784362,0.9215492569
0.01683874615,1.163677016
0.6101454971,0.9859509256
0.9789629076,1.052643388
0.3862403436,0.8975827031
0.4007051848,1.157084159
0.9957490535,0.9926410597
0.5948222913,1.071834827
0.000910972245,0.8784885295
0.2038968774,1.036242516
0.6730861925,0.8139838647
0.7924851524,1.147266994
0.3227192797,0.9023612477
0.2867239779,1.086074132
0.816822743,0.8637971468
0.717596381,1.197507546
0.1866694074,0.9525712591
0.1084093209,1.107319275
0.5146066612,0.9428578414
0.8948124629,1.021673216
0.4899840644,0.8282963764
0.4530364973,1.007858631
0.9200405274,0.8418299284
0.5514054475,1.119472098
0.08333002217,0.9307901971
0.1303136144,1.185539931
0.7231720788,0.9648206767
0.8732738961,1.099701609
0.2810529051,0.8500852607
0.3594980389,1.135310536
0.7674239734,0.9146218233
0.6361510232,1.049856737
0.2291144514,0.8002587225
0.05734400544,1.058008321
0.5891712457,0.8920101605
0.9394037509,1.169249475
0.4062684849,0.9805859085
0.4151683562,1.144992591
0.9461296024,0.9047451627
0.5804845281,1.033949808
0.05040501524,0.8163616814
0.222388369,1.074137984
0.627250921,0.8760750037
0.7743632095,1.159393413
0.3681850024,0.9902458377
0.2723747706,1.023958585
0.8663282301,0.825926099
0.732063367,1.109598536
0.1370461415,0.9404692482
0.09027593397,1.195190752
0.5600838279,0.9549738176
0.9133077692,1.083775656
0.4441449782,0.8662058156
0.4966864241,1.09573183
0.9037343804,0.8539449569
0.5076301126,1.181576248
0.09976157732,0.9686986767
0.1777477209,1.123424568
0.7108942522,0.9269471433
0.8254702408,1.011792796
0.2937002806,0.8379807763
0.3157494068,1.173208477
0.7838288257,0.9767127655
0.6797818765,1.061985641
0.212827378,0.8881431278
0.009567053057,1.045917713
0.6017919183,0.8041125529
0.9868187839,1.131365403
0.3940097317,0.9184573378
0.3775927266,1.026826973
0.9719867241,0.823301322
0.6190673029,1.138052867
0.02354075573,0.9118679147
0.1955548655,1.154016272
0.6658034166,0.9958061732
0.8002506103,1.068577732
0.3305786168,0.8814522278
0.3099943288,1.104233484
0.8404271798,0.9460417192
0.693497818,1.018386007
0.1638931753,0.8312910445
0.1171532469,1.076640685
0.5214875229,0.8731333684
0.8874374749,1.188263307
0.4817342572,0.9621088959
0.4600718543,1.176003676
0.9286299581,0.9740636282
0.5432986915,1.090366771
0.07581198309,0.8595174219
0.1538284058,1.004865345
0.7465320751,0.8451158486
0.8503965745,1.116289603
0.2570554316,0.9338747021
0.3523773877,1.055045911
0.758919837,0.8952658739
0.6441610409,1.166085648
0.2367292289,0.9836524121
0.03349965997,1.125805157
0.5661408035,0.9238345679
0.9619400743,1.040540566
0.4306069566,0.8096728824
